feature1,feature2
0.04779565321329729,0.511888740976857
